Question,Options,Correct Answer,Predicted Answer,Match
Which MITRE ATT&CK technique ID is associated with the use of timers or other triggers to avoid a virtual machine environment (VME) or sandbox?,"['A. T1497.001', 'B. T1497.002', 'C. T1497.003', 'D. T1497.004']",C,B,False
"An adversary uses ""overpassing the hash"" to authenticate as a user and generate a valid Kerberos ticket. Which of the following is not an action involved in this technique?","['Using an NTLM password hash to authenticate', 'Using the password hash to create a valid Kerberos ticket', ""Finding a user's service tickets"", 'Finding the NTLM hash of the user']",C,C,True
How do adversaries use compromised service account tokens to perform Peirates operations?,"['Adversaries can use stolen service account tokens to perform Peirates operations and switch between valid service accounts', 'Adversaries use these tokens to brute force other accounts', 'Adversaries use these tokens to disable security features', 'Adversaries use these tokens to encrypt data']",A,A,True
What technique involves using a compromised account to access and control remote systems?,"['Remote Desktop Protocol (T1076)', 'Valid Accounts (T1078)', 'Process Injection (T1055)', 'Exfiltration Over Command and Control (T1041)']",A,B,False
Which MITRE ATT&CK technique is used when an adversary collects command and control (C2) information via a dead drop resolver?,"['T1055: Credential Dumping', 'T1086: PowerShell', 'T1088: Data from Local System', 'T1102: External Web Services']",D,C,False
What is the focus of the Shared Threat Space concept?,"['The identification of shared infrastructure used by adversaries.', 'The identification of shared capabilities used by adversaries.', 'The identification of victims and adversaries that share common features to satisfy the needs of one or more adversaries.', 'The identification of the most appropriate detection locations, data types, and capabilities for an adversary.']",C,C,True
Which of the following best describes the function of a Threat Intelligence Feed (TIF) in incident handling?,"['Providing alerts for known threats and vulnerabilities', 'Facilitating the sharing of threat information among organizations', 'Automating the incident response process', 'Analyzing threat data and providing insights on potential threats']",B,B,True
How do attackers typically use time delays to avoid detection by sandboxes?,"['Delayed Code Execution', 'Exploitation of Vulnerabilities', 'Virtualization/Sandbox Evasion', 'Direct System Control']",A,C,False
"When using the APWG schema for threat information sharing, which tag is used to specify that the information is intended only for internal use?","['A. Recipient only', 'B. With affected parties only', 'C. No attribution permitted', 'D. Internal use only']",A,D,False
What is the primary focus of the identification phase in incident response?,"['Detecting and confirming the occurrence of an incident', 'Restoring normal operations', 'Analyzing the cause of the incident', 'Communicating with stakeholders']",A,A,True
Which organization's guidance is not directly applicable for organizations outside of the federal government when it comes to defining PII?,"['NIST', 'OMB', 'NIST SP 800-122', 'NIST SP 800-53 Rev. 4']",C,B,False
An organization is investigating an incident and needs to preserve evidence according to chain of custody requirements. Which NIST publication provides guidance on data preservation following chain of custody requirements?:,"['NIST Special Publication 800-86', 'NIST Special Publication 800-61', 'NIST Special Publication 800-88', 'NIST Software Assurance Metrics and Tool Evaluation (SAMATE) project']",C,C,True
"Which group within an organization is responsible for establishing incident response policy, budget, and staffing?","['Management', 'Information Assurance', 'IT Support', 'Legal Department']",A,D,False
A cybersecurity analyst has seen a user authenticate to a web application from multiple different IP addresses within a short period of time. This could be an indication of?,"['A legitimate user working from multiple locations.', 'A user using a virtual private network (VPN).', 'An unauthorized user accessing the web application repeatedly.', 'A user accessing the application from a remote desktop protocol (RDP).']",C,C,True
What is the purpose of the technology meta-feature in the model?,"['To analyze the technologies involved in adversary activity and determine the most appropriate detection locations, data types, and capabilities.', 'To analyze the infrastructure and capability used by adversaries to operate and communicate in a single entity.', 'To analyze the technology connecting and enabling the infrastructure and the capability to operate and communicate across multiple entities.', 'To analyze the technology used by victims to identify their needs and intent.']",C,A,False
Which of the following is a technique that an attacker may use to exfiltrate data from a compromised system?,"['Data Encryption', 'Network Scanning', 'Privilege Escalation', 'Exfiltration']",D,D,True
Which malware family checks to ensure it is not being executed inside a virtual machine or a known malware analysis sandbox environment?,"['CozyCar', 'Darkhotel', 'Egregor', 'Squirrelwaffle']",A,B,False
Which MITRE ATT&CK technique does an adversary use when using an RSS feed for command and control?,"['T1098', 'T1086', 'T1105', 'T1102']",D,B,False
Adversaries may search for user activity on the host based on variables such as the speed/frequency of mouse movements and clicks. Which technique is this behavior associated with?,"['T1055', 'T1086', 'T1106', 'T1497']",B,B,True
An adversary gains access to a service ticket for a user. They can now access what?,"['Any account in the domain', ""The user's service account"", 'The Ticket Granting Service (TGS)', ""The user's ticket granting ticket (TGT)""]",D,B,False
Which MITRE ATT&CK technique involves sending phishing emails with malicious links to compromise a victim's system?,"['Spearphishing Link (T1191)', 'Spearphishing Attachment (T1192)', 'Exploitation of Public-Facing Application (T1190)', 'Remote Desktop Protocol (T1076)']",A,A,True
Which of the following is NOT a TAXII binding?,"['RESTful Binding', 'Grpc Binding', 'SMTP Binding', 'SOAP Binding']",C,C,True
"In the context of incident response, which of the following is the best practice for maintaining and exercising incident response plans?","['Take and store data backups from end user systems and critical servers', 'Ensure backup and storage systems are hardened and kept separate from the corporate network to prevent compromise', 'Maintain and exercise incident response plans', 'Provide operators with redundant, out-of-band communication to support monitoring and control of the operational processes']",C,C,True
What is the purpose of conducting a post-mortem analysis after an incident?,"['To evaluate the response and improve future efforts', 'To identify the attacker', 'To cover up the incident', 'To update software']",A,A,True
Which of the following is a way an organization can use a Current Profile to communicate its cybersecurity capabilities and known opportunities for improvement with external stakeholders:,"['Business partners', 'Prospective customers', 'Suppliers', 'All of the above']",D,D,True
Which type of IOC would be useful for identifying a data exfiltration attempt?,"['IP Addresses', 'Malicious File Hashes', 'Tactics, Techniques, and Procedures (TTPs)', 'Host Artifacts']",C,D,False
An adversary is using a brute force attack against a Kubernetes cluster to gain unauthorized access. Which of the following tools is most likely to be used by the adversary?,"['Mimikatz', 'CrackMapExec', 'Metasploit', 'PowerShell Empire']",B,B,True
Which of the following is not a potential technique for an adversary to create a backdoor via spoofing the PPID of a new process?,"['Spawning a new process and assigning the parent as a process running as SYSTEM', 'Spawning a new process and assigning the parent as a process running as the current user', 'Spawning a new process and assigning the parent as a process running as a service', 'Spawning a new process and assigning the parent as a process running as a legitimate application']",C,D,False
An adversary has used a compromised VPN account for lateral movement on a targeted network. This technique is associated with the MITRE ATT&CK ID(s):,"['T1078:001 - OS Credential Dumping', 'T1087 - Remote Services', 'T1021:003 - Remote Desktop Protocol', 'T1120 - External Remote Services']",D,B,False
Which of the following is NOT a recommended practice for preparing for an incident response according to NIST SP 800-61 Revision 2?,"['Developing and documenting incident response policies, procedures, and standards', 'Failing to train incident response team members on their roles and responsibilities', 'Conducting regular security assessments and penetration tests without remediation of identified vulnerabilities', 'Ignoring security alerts and alarms from security devices and systems']",C,C,True
Detecting actions related to virtualization and sandbox identification may be difficult depending on the adversary's implementation and monitoring required. Which MITRE ATT&CK technique is this related to?,"['T1086', 'T1087', 'T1123', 'T1125']",B,B,True
Which of the following is a cybersecurity risk management methodology that complements the Tiers in the NIST CSF:,"['Defense-in-Depth (DiD)', 'Risk Analysis and Management (RAM)', 'Threat Intelligence Program (TIP)', 'Risk Assessment and Mitigation (RAM)']",B,D,False
Which of the following is a technique used by adversaries to generate Kerberos Golden Tickets?,"['T1021', 'T1086', 'T1134', 'T1190']",D,D,True
Which MITRE ATT&CK technique is commonly used to establish persistence through scheduled tasks or cron jobs?,"['Scheduled Task (T1053)', 'Registry Run Keys (T1060)', 'File and Directory Discovery (T1083)', 'Remote File Copy (T1105)']",A,A,True
Which incident response team member should have good problem-solving skills and critical thinking abilities?,"['Team Member with strong technical skills', 'Team Member with excellent technical skills', 'Team Member with good communication skills', 'Team Member with excellent communication skills']",A,C,False
Which MITRE ATT&CK technique is used to steal session cookies from a web application?,"['T1003: Credential Dumping', 'T1078: Web Browse and Search', 'T1550: Lateral Movement', 'T1550.004: Steal Web Session Cookie']",D,D,True
A malware sample is found using an existing web server to communicate with its command and control server. Which MITRE ATT&CK technique applies?,"['A) T1132 - Data Encoding', ' B) T1071.001 - Application Layer Protocol: Web Traffic', ' C) T1071.002 - Application Layer Protocol: HTTPS', ' D) T1071.003 - Application Layer Protocol: Web Shell']",B,B,True
Which of the following best practices can help detect lateral movement of an adversary?,"['Monitoring for suspicious account behavior across systems that share accounts, either user, admin, or service accounts.', 'Limiting the usage of local administrator accounts to be used for day-to-day operations that may expose them to potential adversaries.', 'Not auditing local accounts permission levels routinely', 'Implementing LAPS (Local Administrator Password Solution)']",A,D,False
An industrial control system asset is found to be using hardcoded credentials. Which MITRE ATT&CK technique would an adversary likely use to discover these credentials?,"['a. Credential Dumping (T1003)', 'b. Initial Access (T1078)', 'c. External Remote Services (T1021)', 'd. Interactive Logon (T1020)']",A,D,False
An adversary has obtained a list of password hashes from a compromised system and is attempting to crack them. They are using a technique that involves using a pre-computed list of hashes and guessing the passwords used to compute the hashes. What is a potential method for mitigating the impact of this technique?,"['Use multi-factor authentication.', 'Enable multi-factor authentication on externally facing services.', 'Refer to NIST guidelines when creating password policies.', 'Implement a password hashing algorithm that is resistant to rainbow table attacks.']",C,D,False
What technique involves an adversary using legitimate credentials to access a system or network?,"['Pass the Hash (T1075)', 'Credential Dumping (T1003)', 'Remote Desktop Protocol (T1076)', 'Exploit Public-Facing Application (T1190)']",A,A,True
An adversary is using a password guessing attack against a target system. What might the adversary do to avoid detection by the system's security team?,"['Use a list of complex passwords', 'Use a list of common passwords', 'Use a list of system-specific passwords', 'Use a list of dictionary words']",C,B,False
4. Which cryptographic hash function is preferred for verifying the integrity of control logic or programs loaded on a controller?,"['A) SHA-1', 'B) SHA-2', 'C) MD5', 'D) SHA-3']",B,C,False
An adversary is using a tool to perform a brute force attack against a target system. Which of the following MITRE ATT&CK techniques would best describe the adversary's actions?,"['T1078 (Command and Scripting Interpreter)', 'T1110 (Brute Force)', 'T1087 (PowerShell)', 'T1086 (PowerShell Empire)']",B,B,True
"DE.AE-03, Correlating information from multiple sources","['A) Conducting incident response drills to prepare for potential cybersecurity incidents', 'B) Collecting and analyzing open-source intelligence to gather information on potential threats', 'C) Implementing security controls to prevent adverse events from occurring', 'D) Gathering data from logs and monitoring tools to investigate an incident']",D,D,True
Which MITRE ATT&CK technique does an adversary use when using Pastebin as a Command and Control channel?,"['T1098', 'T1086', 'T1105', 'T1102']",D,A,False
What is the effect of the Grandoreiro malware?,"['It installs malicious browser extensions that are used to hijack user searches', 'It modifies browser permissions and components for Defense Evasion', 'It creates a botnet used for Command and Control', 'It steals cookies and other user information']",D,A,False
An organization is processing data to achieve mission or business purposes. Which type of privacy problem may arise according to NIST?,"['Dignity-type effects (e.g., embarrassment or stigma)', 'Tangible harms (e.g., discrimination, economic loss, or physical harm)', 'Data breaches', 'All of the above']",A,D,False
Which Android API does not allow third-party applications to hold the CAPTURE_AUDIO_OUTPUT permission by default?,"['A) Android', 'B) iOS', 'C) Windows', 'D) macOS']",A,A,True
Which MITRE ATT&CK technique might involve searching the Windows Registry for indicators of a virtual environment?,"['Obfuscation', 'PowerShell Scripting', 'Virtualization/Sandbox Evasion', 'Defense Bypass']",C,C,True
Which action is recommended for ensuring that any patterns are identified and taken into consideration by US-CERT?,"['Pattern Analysis', 'Internal Review', 'Regular Updates', 'Incident Coordination']",C,A,False
Which MITRE ATT&CK technique allows adversaries to bypass application whitelisting?,"['A) T1055', 'B) T1564', 'C) T1567', 'D) T1577']",B,B,True
Which of the following is a technique in the MITRE ATT&CK framework that involves the use of a process injection to execute malicious code in memory?,"['APT1: T1071 - System Network Configuration Discovery', 'APT29: T1055 - Remote Desktop Protocol (RDP)', 'APT32: T1055 - Process Injection', 'APT34: T1086 - PowerShell']",C,C,True
Which MITRE ATT&CK technique (ID) is used to exfiltrate data from a target system using a direct connection to an external server?,"['A. T1041: Exfiltration Over Command and Control Channel', 'B. T1020: Automated Exfiltration', 'C. T1042: Exfiltration Over Alternative Protocol', 'D. T1048: Exfiltration Over Physical Medium']",A,C,False
"What is the primary purpose of using ""Horizon Scanning"" in threat analysis?","['To identify emerging threats and vulnerabilities', 'To assess the effectiveness of current security measures', 'To evaluate the financial impact of recent cyber incidents', 'To analyze the performance of threat intelligence tools']",A,A,True
Which of the following techniques is associated with monitoring networks and network services to find potentially adverse events as described in the NIST CSF 2.0?,"['DE.CM-01', 'DE.AE-01', 'DE.AE-02', 'DE.AE-03']",A,D,False
Which of the following is not a potential technique for an adversary to bypass access control via spoofing the PPID of a new process?,"['Spawning a new process and assigning the parent as a process running as SYSTEM', 'Spawning a new process and assigning the parent as a process running as the current user', 'Spawning a new process and assigning the parent as a process running as a legitimate application', 'Spawning a new process and assigning the parent as a process running as a service']",D,D,True
Which malware family can retrieve browser history and database files?,"['Lazarus', 'Lazarus Group', 'Lizar', 'Lokibot']",C,B,False
20. What is the primary purpose of an ICS historian?,"['A) To monitor network traffic patterns', 'B) To store and analyze historical operational data', 'C) To control physical processes in real-time', 'D) To manage cybersecurity policies']",B,B,True
"Which MITRE ATT&CK technique ID is associated with the use of specific victim conditions to be met (ex: system time, events, etc.) as a time-based evasion tactic?","['A. T1497.001', 'B. T1497.002', 'C. T1497.003', 'D. T1497.004']",D,B,False
Which technique involves using an encrypted channel to exfiltrate data while avoiding detection?,"['Encrypted Channel (T1071)', 'Data Encrypted (T1040)', 'Remote File Copy (T1105)', 'Obfuscated Files or Information (T1027)']",A,A,True
Disabling dedicated hardware encryption on network devices,"['May not be easily detected through network traffic analysis', 'Can be easily detected through network traffic analysis', 'May not be easily detected through log analysis', 'Can be easily detected through log analysis']",A,A,True
"Which of the following components of the NIST Cybersecurity Framework (CSF) guides an organization in understanding and assessing its current or target cybersecurity posture, determining gaps, and assessing progress toward addressing those gaps?","['CSF Tiers', 'CSF Core', 'CSF Organizational Profiles', 'CSF Implementation Examples']",C,B,False
Which MITRE ATT&CK technique involves an adversary using an exploit to gain access to a system via a web application vulnerability?,"['Exploitation of Remote Services (T1210)', 'Web Shell (T1505)', 'Valid Accounts (T1078)', 'Exploit Public-Facing Application (T1190)']",D,D,True
"Which of the following is a way an organization can express its cybersecurity risk management requirements and expectations to suppliers, partners, and other third parties as a target for those parties to achieve:","['Target Profile', 'Community Profile', 'Organizational Profile', 'Current Profile']",A,B,False
Which of the following is a technique used by adversaries to move laterally within a network using DCSync attacks?,"['T1021', 'T1086', 'T1134', 'T1190']",A,D,False
Disabling dedicated hardware encryption on network devices,"['Is a technique that is commonly used in targeted attacks', 'Is a technique that is commonly used in opportunistic attacks', 'Is a technique that is commonly used in advanced attacks', 'Is a technique that is commonly used in basic attacks']",A,D,False
"Which of the following is a way an organization can express its cybersecurity risk management requirements and expectations to suppliers, partners, and other third parties as a target for those parties to achieve:","['Target Profile', 'Community Profile', 'Organizational Profile', 'Current Profile']",A,B,False
Which of the following is an example of an incident?,"['A. A system crash caused by a natural disaster', 'B. An attacker commands a botnet to send high volumes of connection requests to a web server, causing it to crash', 'C. Users are tricked into opening a ""quarterly report"" sent via email that is actually malware', 'D. A user provides or exposes sensitive information to others through peer-to-peer file sharing services']",B,B,True
"RS.AN-06, Recording actions performed during an investigation and preserving records’ integrity and provenance","['Record Keeping', 'Integrity Preservation', 'Investigation Recording', 'Action Documentation']",A,C,False
A security analyst at a healthcare organization has detected a phishing campaign targeting employees. Which MITRE ATT&CK technique is being used in this scenario?,"['Spearphishing Attachment Use (T1192)', 'Initial Access via Phishing (T1566.002)', 'Spearphishing Link (T1191)', 'Phishing: Credential Theft (T1568.001)']",B,B,True
"In MITRE ATT&CK, which technique involves the use of legitimate credentials to move laterally across systems?","['Pass the Hash (T1075)', 'Credential Dumping (T1003)', 'Remote File Copy (T1105)', 'Exploitation of Remote Services (T1210)']",A,A,True
"In MITRE ATT&CK, which technique involves modifying registry keys to ensure persistence across reboots?","['Registry Run Keys (T1060)', 'Scheduled Task (T1053)', 'File and Directory Discovery (T1083)', 'Remote Desktop Protocol (T1076)']",A,A,True
Which of the following techniques allows an adversary to impersonate a user with only a password hash to execute arbitrary commands?,"['Pass the ticket', 'Pass the hash', 'Overpass the hash', 'Kerberos ticket creation']",B,B,True
Which malware family can monitor browser activity for online banking actions and display full-screen overlay images to block user access to the intended site or present additional data fields?,"['Zeus', 'Dridex', 'TrickBot', 'Mispadu']",D,C,False
"An attacker has stolen session cookies from a victim's web application. To bypass multi-factor authentication, the attacker would most likely?","[""Use the stolen cookies to access the victim's email account."", ""Use the stolen cookies to access the victim's cloud-based service."", ""Use the stolen cookies to access the victim's bank account."", ""Use the stolen cookies to access the victim's social media account.""]",B,B,True
"In a domain-controlled environment, an adversary has obtained a user account's credentials through a keylogger. The adversary aims to:","['Gain initial access', 'Perform privilege escalation', 'Perform lateral movement', ""It is difficult to determine the adversary's aims without more information""]",A,C,False
Which MITRE ATT&CK technique involves using a compromised user account to access a system remotely?,"['Remote File Copy (T1105)', 'Remote Desktop Protocol (T1076)', 'Spearphishing Link (T1191)', 'Credential Dumping (T1003)']",B,B,True
Which MITRE ATT&CK technique involves the deletion of user accounts?,"['Account Manipulation', 'Account Lockout', 'Account Disabled', 'Account Deletion']",D,D,True
The ability to identify and articulate common adversary features and behaviors is powerful because:,"[""It allows for the identification of an adversary's infrastructure."", 'It allows for the grouping of like-threads together which share similar processes.', ""It allows for the identification of an adversary's targeted resources."", ""It allows for the identification of an adversary's attack vector.""]",B,B,True
Which malware uses unencrypted HTTP traffic between the victim and C2 infrastructure?,"['AbstractEmu', 'AhRat', 'BOULDSPY', 'Concipit1248']",C,D,False
Which of the following MITRE ATT&CK techniques involves the use of system tools to mask malicious activity?,"['Impersonation', 'Obfuscated Files or Information', 'Data from Local System', 'Command and Control']",B,C,False
Application vetting services may look for indications that the application's update includes malicious code at runtime by,"[""Analyzing the application's network traffic"", ""Reversing the application's executable file"", ""Inspecting the application's binary code"", ""Examining the application's permissions""]",A,D,False
An example of an adversary process derived from the activity thread illustrated in Figure 6 is:,"['A reconnaissance event which includes a web search for “network administrator”, followed by the delivery of an email with a trojanized attachment, followed by a specific and known exploit on the local machine, and finally an HTTP Post leaving the victim.', ""A weaponization event which includes a local exploit on the victim's machine, followed by the delivery of an email with a trojanized attachment, followed by a web search for “network administrator”."", ""An exploitation event which includes a web search for “network administrator”, followed by the delivery of an email with a trojanized attachment, followed by a local exploit on the victim's machine."", ""An installation event which includes a local exploit on the victim's machine, followed by an HTTP Post from the victim, followed by a web search for “network administrator”.""]",A,A,True
An adversary is using a password guessing attack against a target system. What might the adversary do to increase the chances of success if the system has account lockout policies in place that require a certain number of failed login attempts before locking the account?,"['Use a list of complex passwords', 'Use a list of common passwords', 'Use a list of system-specific passwords', 'Use a list of dictionary words']",B,B,True
A cybersecurity professional is tasked with implementing measures to secure access to field controllers in an ICS environment. Which of the following is a recommendation for the authentication mechanisms used on these devices?,"['A. Account Use Policies, Password Policies, and User Account Management', 'B. Segment operational assets by functional role', 'C. Implement bump-in-the-wire devices', 'D. Authenticate all access through a centralized authentication server']",A,D,False
Which technique involves an attacker using a compromised account to execute commands on a remote system via RDP?,"['Remote Desktop Protocol (T1076)', 'Remote Code Execution (T1203)', 'Exploitation of Remote Services (T1210)', 'Credential Dumping (T1003)']",A,A,True
An organization is sharing IOCs with other organizations as part of a formal threat information sharing organization. Which of the following is a recommended practice for protecting sensitive data in these exchanges?,"['Use unencrypted network communications to share the data.', 'Use a standard data format for the exchange of indicators.', 'Use encrypted network communications to share the data.', 'Share the data via email or instant messaging services.']",C,C,True
13. What is the primary function of a PLC in an ICS environment?,"['A) To manage and monitor network traffic', 'B) To control and automate physical processes', 'C) To provide cybersecurity defense mechanisms', 'D) To manage user authentication and authorization']",B,B,True
Adversaries may use which of the following methods to minimize use of network resources during data exfiltration?,"['A) Compression', 'B) Encryption', 'C) XOR', 'D) ZIP']",A,C,False
"Which of the following encryption methods is used by XMLSpy, Golden Cup, and Desert Scorpion to encrypt exfiltrated data?","['A) RC4', 'B) Base64', 'C) ZIP', 'D) XOR']",A,D,False
Which of the following is an example of a function that may be provided by a Security Operations Center (SOC)?,"['Providing cybersecurity threat intelligence', 'Coordinating the incident reporting process for Federal agencies', 'Providing guidance on cybersecurity best practices', 'Managing cybersecurity vulnerabilities in government systems']",D,B,False
Which of the following activities is NOT part of the Risk Assessment function in the NIST CSF 2.0?,"['Vulnerabilities in assets are identified, validated, and recorded', 'Cyber threat intelligence is received from information sharing forums and sources', 'Internal and external threats to the organization are identified and recorded', 'Potential impacts and likelihoods of threats exploiting vulnerabilities are identified and recorded, but not recorded']",D,B,False
"The Diamond Model provides a formal mathematical method for effective graph analysis and grouping, which allows the model to support numerous complementary strategy planning frameworks such as:","['Attack Trees', 'Joint Intelligence Preparation of the Operational Environment (JIOPE)', 'Course of action matrices', 'Active Defense Algorithm and Model (ADAM)']",C,C,True
Which of the following best describes the purpose of TAXII bindings?,"['To limit the exchange of threat intelligence data to specific parties', 'To provide a standardized way for platforms to interact with TAXII', 'To define the format of TAXII messages', 'To enforce access controls on TAXII services']",B,B,True
An adversary has obtained a list of password hashes from a compromised system and is attempting to crack them. They are using a technique that involves using a pre-computed list of hashes and guessing the passwords used to compute the hashes. What is another recommended defense against this technique?,"['Use multi-factor authentication.', 'Enable multi-factor authentication on externally facing services.', 'Monitor authentication logs for system and application login failures of Valid Accounts.', 'Implement a password hashing algorithm that is resistant to rainbow table attacks.']",D,D,True
What is the purpose of monitoring for newly executed processes that may use scripts automatically executed at boot or logon initialization to establish persistence?,"['To detect processes executed during system startup or logon', 'To detect processes executed during system shutdown or logoff', 'To detect processes executed during user session initialization', 'To detect processes executed during process termination']",A,C,False
An attacker is using SpyDealer to maintain persistence on an Android device. They are most likely to:,"['a) Modify the bootloader.', 'b) Install malware on the system partition.', 'c) Create a malicious system app.', 'd) Jailbreak the device and install a malicious app.']",B,C,False
Which MITRE ATT&CK technique does KONNI use to spawn a new cmd process using CreateProcessW and a handle to Taskmgr.exe?,"['T1134', 'T1135', 'T1136', 'T1137']",A,D,False
Which of the following is a reason for using the NIST Cybersecurity Framework (CSF) 2.0?,"['To improve the efficiency of cybersecurity risk management', 'To provide a standardized approach to managing cybersecurity risks', 'To help organizations learn about and select specific outcomes', 'All of the above']",D,D,True
Which technique involves using PowerShell to execute commands and scripts on a compromised system?,"['PowerShell (T1086)', 'Process Injection (T1055)', 'Scheduled Task (T1053)', 'Remote File Copy (T1105)']",A,A,True
Which MITRE ATT&CK technique describes an adversary embedding payloads in images that activate only when double-clicked?,"['T1055', 'T1086', 'T1204', 'T1486']",B,C,False
Which MITRE ATT&CK technique involves extracting sensitive data using a command and control channel?,"['Data Staged (T1074)', 'Exfiltration Over Command and Control (T1041)', 'Data Encrypted (T1040)', 'Input Capture (T1056)']",B,B,True
"An adversary is using an application layer protocol to blend in with existing traffic, avoiding detection/network filtering. Which protocol is least likely to be used for this purpose?","['A. SMTP', 'B. SMB', 'C. SSH', 'D. HTTP']",B,B,True
Which of the following is an example of an External/Removable Media attack vector (MITRE ATT&CK: T1133 – Spearphishing Attachment)?,"['A website defacement', 'A ransomware attack', 'An attack executed from a USB drive containing malicious software', 'A denial of service attack against a web application']",C,C,True
Which of the following is a way to correlate activity with other suspicious behavior to reduce false positives that may be due to normal benign use by users and administrators?,"['Monitoring for API calls associated with detecting token manipulation only through careful analysis of user activity', 'Monitoring for API calls associated with detecting token manipulation only through analyzing command-line activity', 'Monitoring for API calls associated with detecting token manipulation only through network traffic analysis', 'Monitoring for API calls associated with detecting token manipulation only through analyzing user activity']",A,D,False
"According to NIST SP 800-122 [7], which security objective is focused on the confidentiality of PII?","['Integrity', 'Availability', 'Confidentiality', 'Authentication']",C,C,True
Cyclops Blink uses a modified RC script named which of the following?,"['S51armled', 'rc.common', 'rc.local', 'rc.d']",A,B,False
"In a domain-controlled environment, an adversary has compromised the LSASS process memory to obtain domain administrator credentials. The adversary aims to:","['Gain initial access', 'Perform privilege escalation', 'Perform lateral movement', 'Perform defense evasion']",C,B,False
Which of the following is not a step in the Joint Intelligence Preparation of the Operational Environment (JIPOE) process?,"['A. Define the Operational Environment', 'B. Evaluate Adversary Capabilities', 'C. Assess Strategic Objectives', 'D. Identify Critical Infrastructure']",C,C,True
"In a domain-controlled environment, an adversary has obtained a domain administrator's credentials through password spraying. The adversary aims to:","['Gain initial access', 'Perform privilege escalation', 'Perform lateral movement', ""It is difficult to determine the adversary's aims without more information""]",A,B,False
Which technique involves using a network-based attack to exploit vulnerabilities in remote services?,"['Exploitation of Remote Services (T1210)', 'Remote File Copy (T1105)', 'Valid Accounts (T1078)', 'Process Injection (T1055)']",A,A,True
An adversary is attempting to gain unauthorized access to a SaaS application using a brute force attack. Which of the following SaaS applications is most likely to be targeted by the adversary?,"['Google Drive', 'Microsoft OneDrive', 'Microsoft SharePoint', 'Dropbox']",C,C,True
Which technique involves an attacker using a legitimate application to access or execute commands on a target system?,"['Remote File Copy (T1105)', 'Remote Desktop Protocol (T1076)', 'Process Injection (T1055)', 'Exploitation of Public-Facing Application (T1190)']",B,B,True
Scenario 12: Which of the following techniques can be employed to identify phishing emails?,"['Analyzing email headers for anomalies', 'Checking for unusual links or attachments', 'Using machine learning algorithms to detect phishing patterns', 'All of the above']",D,D,True
"Which type of IOC is most difficult for an adversary to change, according to the Pyramid of Pain?","['IP Addresses', 'Malicious File Hashes', 'Tactics, Techniques, and Procedures (TTPs)', 'Domain Names']",C,C,True
What is the primary goal of the Analysis stage in the incident response life cycle?,"['Containing, eradicating, and recovering from the incident', 'Determining the scope of the incident', 'Identifying the root cause of the incident', 'Improving the incident response process']",C,A,False
Which MITRE ATT&CK technique does an adversary use when using Technet and Pastebin web pages for command and control?,"['T1098', 'T1086', 'T1105', 'T1102']",D,D,True
Which of the following is a technique for detecting unauthorized modifications to protected operating system files on Android devices?,"['A) Device attestation', 'B) Locked bootloader', 'C) Security updates', ""D) Android's SafetyNet API""]",D,D,True
GolfSpy encrypts data using which of the following encryption methods prior to exfiltration?,"['A) RC4', 'B) Base64', 'C) XOR', 'D) AES in CBC mode']",C,D,False
Which of the following is an important aspect of proactive cyber threat sharing agreements?,"['Establishing trust between participating organizations during an active cyber incident', 'Including provisions for the improper disclosure of sensitive information', 'Waiting to establish agreements during an active cyber incident', 'Addressing roles, responsibilities, and information handling requirements']",D,D,True
An organization is using the NIST CSF 2.0 to improve its risk management communication and integrate with other risk management programs. Which function of the CSF supports the communication of business needs and the creation of risk-informed Organizational Profiles through collaboration between managers and practitioners?,"['Identify', 'Protect', 'Detect', 'Respond']",A,B,False
Which of the following is a reason for an organization to establish a threat intelligence program?,"['To reduce the cost of cybersecurity services', ""To improve the organization's reputation"", 'To reduce the risk of cyber attacks', 'To increase the speed of cyber attacks']",C,C,True
3. An attacker is attempting to gather information about a physical process state in an ICS environment by examining fields recorded by the DP_RECV monitor. Which malware is the attacker likely using?,"['a) WannaCry', 'b) NotPetya', 'c) Stuxnet', 'd) Zeus']",C,C,True
Which MITRE ATT&CK technique involves creating or modifying system processes to maintain persistence on a compromised system?,"['Create or Modify System Process (T1128)', 'Modify System Process (T1128)', 'Remote File Copy (T1105)', 'Registry Run Keys (T1060)']",A,B,False
Which of the following MITRE ATT&CK techniques involves the use of system tools to manipulate or delete system logs to cover tracks?,"['Data from Local System', 'Command and Control', 'Obfuscated Files or Information', 'Discovery']",D,A,False
Which method can law enforcement use to identify command and control servers?,"['Analyzing traffic patterns between the botnet members and the servers', 'Infiltrating the hacktivist group', 'Shutting down internet infrastructure', 'Monitoring and analyzing DNS domains used by the botnet members']",A,D,False
Which MITRE ATT&CK technique involves an adversary using a compromised user account to access a system remotely?,"['Remote File Copy (T1105)', 'Remote Desktop Protocol (T1076)', 'Spearphishing Link (T1191)', 'Credential Dumping (T1003)']",B,B,True
Which MITRE ATT&CK technique involves adversaries using a one-way communication method via GitLab to perform C2?,"['T1041', 'T1086', 'T1102', 'T1105']",C,B,False
Which MITRE ATT&CK technique is associated with the use of data mining techniques to re-identify individuals in shared IOCs?,"['T1087 - Impersonation', 'T1078 - Valid Accounts', 'T1281 - External Remote Services', 'T1027 - User Execution']",D,D,True
An organization has received indicators of compromise (IOCs) from multiple sources. Which of the following steps should it take to ensure the quality of the shared IOCs?,"['Remove metadata from the IOCs before sharing them.', 'Immediately share the IOCs with other organizations without evaluation.', ""Evaluate the provenance of the IOCs and their relevance to the organization's current threat landscape."", 'Share the IOCs with only a select group of trusted organizations.']",C,C,True
Which malware variant has retrieved command and control (C2) addresses from encoded data in posts on tech community forums?,"['MiniDuke', 'Patchwork', 'PlugX', 'KEYPLUG']",D,B,False
Which MITRE ATT&CK technique involves creating new user accounts to maintain access to a compromised system?,"['Account Manipulation (T1136)', 'Credential Dumping (T1003)', 'Remote Desktop Protocol (T1076)', 'Remote File Copy (T1105)']",A,A,True
9. An attacker is attempting to gather information about a physical process state in an ICS environment. Which of the following sources of information about the process state should be monitored for unexpected access attempts?,"['a) OPC tags', 'b) Historian data', 'c) PLC block information', 'd) Network traffic']",A,D,False
"Which API call is used to update process creation attributes, potentially preparing for a malicious use of CreateProcess/CreateProcessA?","['UpdateProcThreadAttribute', 'UpdateProcessAttribute', 'UpdateEventAttribute', 'UpdateRegistryValue']",A,B,False
"DE.AE-02, Analyzing adverse events to understand associated activities","['Activity Analysis', 'Impact Assessment', 'Event Correlation', 'Cause Analysis']",A,A,True
An adversary gained Domain Administrator rights and wants to impersonate an Enterprise Administrator account. Which of the following techniques could be used to achieve this?,"['T1021', 'T1086', 'T1134', 'T1190']",C,D,False
"What does the ""Victim"" core feature in the Diamond Model represent?","[""A. The adversary's motive"", 'B. The target of the attack', 'C. The tools used in the attack', 'D. The techniques employed']",B,B,True
Which of the following is a gap analysis technique used to identify and analyze the differences between the Current and Target Profiles in the NIST CSF:,"['Risk Management Framework (RMF)', 'Plan of Action and Milestones (POA&M)', 'Threat Intelligence Integration (TII)', 'Cybersecurity Capability Maturity Model (C2M2)']",B,B,True
"An organization receives log data containing PII, CUI, or other sensitive information. Which action should be taken to protect the sensitive information?","['Share the log data with no modifications', 'Share the log data after removing the sensitive information', 'Share the log data only with trusted parties', 'Share the log data after anonymizing IP addresses, timestamps, ports, and protocols']",B,B,True
Which of the following is a potential solution to reduce the risk of hardcoded credentials being exploited in an industrial control system?,"['a. Regularly updating all default credentials', 'b. Implementing encryption for all authentication protocols', 'c. Monitoring logon sessions for hardcoded credential use', 'd. All of the above']",D,C,False
What technique allows an adversary to perform actions on a victim's cloud account by triggering a forgotten password routine?,"['Allowing all users to request a token for a particular account', 'If permissions for this feature are misconfigured – for example, by allowing all users to request a token for a particular account', 'By exploiting a vulnerability in the password reset functionality', 'By using social engineering tactics to obtain passwords']",B,B,True
A user's Kerberos ticket is captured by OS Credential Dumping. Which of the following can be done with the captured ticket?,"[""Access the user's service account"", 'Access any account in the domain', 'Access the Ticket Granting Service (TGS)', 'Access any resource the user has privileges to access']",D,D,True
Which of the following MITRE ATT&CK techniques is used by NotPetya to spread itself to remote systems?,"['T1078.003', 'T1087', 'T1026', 'T1089']",D,B,False
Which of the following MITRE ATT&CK techniques is related to the use of initialization scripts for persistence?,"['T1086', 'T1036', 'T1037', 'T1020']",C,D,False
Which of the following techniques can be used to limit the default access of accounts in the local administrator group on Windows 7 and higher systems?,"['Enable pass the hash mitigations', 'Apply patch KB2871997', 'Do not allow a domain user to be in the local administrator group on multiple systems', 'Monitor requests of new ticket granting ticket or service tickets to a Domain Controller']",B,C,False
Which of the following MITRE ATT&CK techniques is used by Cobalt Strike to run commands and spawn processes as a local user account?,"['T1078.003', 'T1087', 'T1026', 'T1089']",B,B,True
Which of the following best represents the practice of inventorying the organization's authorized network communication and internal and external data flows as described in the NIST CSF 2.0?,"['ID.AM-02', 'ID.AM-03', 'ID.AM-04', 'ID.AM-05']",B,D,False
Which MITRE ATT&CK technique (ID and name) is exemplified by an adversary attempting to maintain persistence on a compromised system?,"['A. Initial Access (T1078)', 'B. Execution (T1059)', 'C. Persistence (T1076)', 'D. Privilege Escalation (T1068)']",C,C,True
Which MITRE ATT&CK technique involves sending malicious email attachments to compromise a target system?,"['Spearphishing Attachment (T1192)', 'Spearphishing Link (T1191)', 'Remote Code Execution (T1203)', 'Remote File Copy (T1105)']",A,A,True
"In the context of cyber threat intelligence, which MITRE ATT&CK technique is associated with the exchange of network indicators?","['Discovery', 'Command and Control', 'Defense Evasion', 'Exfiltration']",B,B,True
Disabling dedicated hardware encryption on network devices,"['Is a technique that is commonly used to exfiltrate data from cloud resources', 'Is a technique that is commonly used to exfiltrate data from on-premises resources', 'Is a technique that is commonly used to collect data from IoT devices', 'Is a technique that is commonly used to collect data from SCADA systems']",B,B,True
Which of the following is an example of Incident Prioritization guidelines?,"['A written procedure for handling and reporting security incidents', 'A document outlining the roles and responsibilities of the Incident Response Team (IRT)', 'A document outlining the steps to be taken in the event of a specific type of attack', 'A set of guidelines for determining the severity and priority of incidents']",D,D,True
Which type of IOC would be useful for identifying a malware family that uses polymorphic code?,"['IP Addresses', 'Malicious File Hashes', 'Tools', 'Tactics, Techniques, and Procedures (TTPs)']",B,C,False
Which of the following actions can help detect a newly constructed /etc/rc.local file for potential persistence?,"['Monitor for changes made to files for unexpected modifications to RC scripts in the /etc/ directory', 'Monitor for newly constructed /etc/rc.local file', 'Monitor executed commands and arguments resulting from RC scripts for unusual or known applications or behavior', 'Monitor for newly constructed processes and/or command-lines that execute /etc/rc.local if present']",B,D,False
A cybersecurity professional is observing the communication between master and outstation assets in an ICS environment. Which of the following is a potential anomaly related to reading point or tag data?,"['A. The volume of requests has increased significantly', 'B. The timing of requests has changed significantly', 'C. The types of requests being made have changed significantly', 'D. All of the above']",D,D,True
Which malware uses a custom command and control protocol that communicates over commonly used ports and is frequently encapsulated by application layer protocols?,"['A. Mimikatz', 'B. Duqu', 'C. Adwind', 'D. Zeus Gameover']",B,D,False
Which MITRE ATT&CK technique does an adversary use when using a SOAP Web service to communicate with its command and control server?,"['T1098', 'T1086', 'T1105', 'T1102']",D,B,False
Which MITRE ATT&CK technique (ID) is used to perform actions on a compromised system by utilizing scripting languages like PowerShell?,"['A. T1086: PowerShell', 'B. T1055: Command and Scripting Interpreter', 'C. T1056: Input Capture', 'D. T1068: PowerShell']",A,B,False
A cybersecurity professional is tasked with monitoring ICS automation protocols for anomalies related to reading point or tag data. Which of the following functions is a potential indicator of an anomaly?,"['A. Functions that operate on a single point', 'B. Functions with an acknowledgment', 'C. Functions that operate on multiple points', 'D. Functions without an acknowledgment']",C,C,True
Which of the following MITRE ATT&CK techniques is used by adversaries to obtain and abuse credentials of a local account for Defense Evasion?,"['T1078.001', 'T1078.002', 'T1078.003', 'T1078.004']",C,B,False
7. An attacker is attempting to gather information about a physical process state in an ICS environment. Which of the following devices should be monitored for adversary collection using techniques relevant to the underlying technologies?,"['a) PLC', 'b) Historian', 'c) HMI', 'd) RTU']",B,B,True
Which MITRE ATT&CK technique (ID and name) is exemplified by the action of an adversary gaining unauthorized access to a system?,"['A. Initial Access (T1078)', 'B. Execution (T1059)', 'C. Persistence (T1076)', 'D. Privilege Escalation (T1068)']",A,A,True
Which of the following is a common source of cybersecurity-related information?,"['Web browsers', 'Security Information and Event Management (SIEM) reports', 'Email systems', 'Operating system and application configuration settings']",D,D,True
Which of the following is NOT a common data format used for threat information exchange within information sharing communities?,"['CSV', 'XML', 'JJSON', 'None of the above']",D,C,False
Which technique involves creating or modifying registry keys to maintain persistence across system reboots?,"['Registry Run Keys (T1060)', 'Modify Registry (T1112)', 'Create or Modify System Process (T1128)', 'Scheduled Task (T1053)']",A,B,False
"Given a Diamond model, which of the following best describes “Victim Asset”?","['The people and organizations being targeted whose assets are being exploited and attacked.', ""A combination of the victim's vulnerabilities and exposures that are susceptible to exploitation."", 'The set of vulnerabilities and exposures of a victim susceptible to exploitation.', 'The attack surface and consist of the set of networks, systems, hosts, email addresses, IP addresses, social networking accounts, etc. against which the adversary directs their capabilities.']",D,D,True
Which technique involves adversaries using a splash screen to confirm user interaction before executing malicious code?,"['T1055', 'T1086', 'T1106', 'T1497']",D,B,False
Which MITRE ATT&CK technique is used to gain persistence by modifying the Windows Registry?,"['Registry Run Keys (T1060)', 'Software Packing (T1045)', 'Remote File Copy (T1105)', 'Credential Dumping (T1003)']",A,A,True
"Coordination and Information Sharing, Having an incident response team that includes representatives from different departments can improve the effectiveness of information sharing and coordination.","['A) True', 'B) False', 'C) Sometimes', 'D) It depends on the incident type']",A,A,True
Which technique involves using system services to execute commands or maintain persistence on a compromised system?,"['Service Registry (T1076)', 'Modify System Process (T1128)', 'Remote Code Execution (T1203)', 'Registry Run Keys (T1060)']",D,A,False
What is a potential outcome of US-CERT’s actions in a cybersecurity situation?,"['The targeted companies are able to prevent further attacks', 'The foreign actor is identified and prosecuted', 'The targeted companies are not affected by the attacks', 'The US-CERT is able to neutralize the threat by shutting down the servers used by the foreign actor']",D,D,True
Which of the following is NOT included in the scope of the document?,"['A. Adverse events that are computer security-related', 'B. Adverse events caused by natural disasters', 'C. Adverse events that are not computer security incidents', 'D. Adverse events that are not violations of computer security policies']",D,B,False
An adversary is using a password guessing attack against a target system. What might the adversary do to increase the chances of success if the system has multi-factor authentication in place?,"['Use a list of complex passwords', 'Use a list of common passwords', 'Use a list of system-specific passwords', 'Use a list of dictionary words']",B,C,False
Cyclops Blink has the ability to execute on device startup using which of the following techniques?,"['T1041', 'T1036', 'T1086', 'T1037']",D,B,False
"RS.IM-01, Conducting post-incident analysis and lessons learned","['A) Developing an incident response plan to manage detected cybersecurity incidents', 'B) Conducting incident response drills to prepare for potential cybersecurity incidents', 'C) Implementing security controls to prevent adverse events from occurring', 'D) Performing vulnerability scans to identify weaknesses in the system']",A,B,False
"What type of information sharing agreement is a standardized framework that implements the requirements set forth in Title 32 Code of Federal Regulations, Part 236, Sections 236.4 through 236.6?","['Memorandum of Understanding (MOU)', 'Non-Disclosure Agreement (NDA)', 'Framework Agreement', 'Service Level Agreement (SLA)']",C,C,True
A network flow analysis tool requires IP address replacement and transformation operations without breaking referential integrity. Which anonymization technique can be used to achieve this?,"['One-way hash function', 'Random replacement', 'Deterministic replacement', 'Pseudonymization']",C,C,True
What is the difference between staging and intended targets in the Dragonfly campaign?,"['Staging targets are intended targets, while intended targets are staging targets.', 'Staging targets are less secure networks of trusted third-party suppliers and related peripheral organizations, while intended targets are government networks and critical infrastructure.', 'Intended targets are less secure networks of trusted third-party suppliers and related peripheral organizations, while staging targets are government networks and critical infrastructure.', 'Staging targets are energy sector websites, while intended targets are industrial employees.']",B,C,False
"In the Diamond Model of Intrusion Analysis, what does the ""Adversary"" core feature describe?","[""A. The victim's vulnerabilities"", 'B. The techniques used in the attack', 'C. The entity conducting the attack', 'D. The infrastructure used']",C,C,True
Which of the following techniques is used by adversaries to modify user accounts in a Linux system?,"['passwd utility', 'Set-LocalUser PowerShell cmdlet', 'Net utility', 'Set-ADAccountPassword PowerShell cmdlet']",A,D,False
"Which of the following is a prose document that describes TTPs, actors, types of systems and information being targeted, and other threat-related information that provides greater situational awareness to an organization?","['Indicator', 'Tactics', 'Techniques', 'Threat Intelligence Report']",D,D,True
What is the role of Table 3-2 in NIST SP 800-122 [7] concerning threat information?,"['To outline methods for data encryption', 'To provide examples of sensitive data and handling recommendations', 'To list common threat indicators', 'To describe best practices for incident response']",B,B,True
Which of the following Event IDs indicates an attempt to change an account's password on a Windows system?,"['4726', '4723', '4724', '4725']",C,B,False
Which of the following is a recommended practice for improving the overall security posture of an organization according to NIST SP 800-61 Revision 2?,"['Conducting regular vulnerability scans without remediation of identified vulnerabilities', 'Establishing and maintaining a computer security incident response team (CSIRT)', 'Fully automating the incident response process without human intervention', 'Ignoring security alerts and alarms from security devices and systems']",B,B,True
Which of the following is NOT a time-based evasion tactic used by the LiteDuke malware?,"['A. Waiting 30 seconds before executing additional code if security software is detected', 'B. Making various calls to Native API functions in order to delay execution (API hammering)', 'C. Using a timer to execute malware on a specific date and time', 'D. Checking for analysis environments and signs of debugging using the Windows API kernel32!GetTickCountKernel32 call']",C,D,False
Which of the following is an example of a technical control in incident response?,"['Encryption', 'Training', 'Policy Development', 'Incident Response Plan']",A,D,False
"Which is infrastructure that is controlled by an intermediary, typically this is the infrastructure that a victim will see as the adversary?","['A. Type 1 Infrastructure', 'B. Type 2 Infrastructure', 'C. Service Providers', 'D. Type 3 Infrastructure']",B,B,True
Which NIST document provides guidelines specifically for protecting PII in the context of cybersecurity?,"['NIST SP 800-53 Rev. 4', 'NIST SP 800-171', 'NIST SP 800-122', 'NIST SP 800-30']",C,C,True
Which MITRE ATT&CK technique ID is associated with evading analysis and scrutiny using Multi-Stage Channels?,"['A. T1497.001', 'B. T1497.002', 'C. T1497.003', 'D. T1497.004']",C,D,False
Which technique involves using scheduled tasks to ensure persistence and maintain access on a system?,"['Scheduled Task (T1053)', 'Registry Run Keys (T1060)', 'Process Injection (T1055)', 'Remote File Copy (T1105)']",A,A,True
An adversary may construct a new logon script to establish persistence on a network. Which of the following can help mitigate this?,"['Monitor for changes made in Active Directory', 'Monitor for newly constructed files by unusual accounts', 'Monitor for changes made to files for unexpected modifications', 'Monitor for newly constructed processes and/or command-lines that execute logon scripts']",B,D,False
"Which NIST CSF function includes the identification, establishment, and management of cybersecurity roles, responsibilities, and authorities to foster accountability, performance assessment, and continuous improvement?","['GV.RR-01', 'GV.RM-01', 'GV.SC-07', 'GV.PO-01']",A,D,False
Which malware family has a browser info stealer module that can read Chrome and Edge browser database files?,"['RedLine', 'Vawtrak', 'PowerLess', 'Cryptolocker']",C,B,False
Which of the following is a way to define who can create a process level token?,"['GPO: Computer Configuration > [Policies] > Windows Settings > Security Settings > Local Policies > User Rights Assignment: Create a process level token', 'GPO: Computer Configuration > [Policies] > Windows Settings > Security Settings > Local Policies > User Rights Assignment: Create a token object', 'GPO: Computer Configuration > [Policies] > Windows Settings > Security Settings > Local Policies > User Rights Assignment: Create a user account', 'GPO: Computer Configuration > [Policies] > Windows Settings > Security Settings > Local Policies > User Rights Assignment: Create a process level token']",D,D,True
"In a domain-controlled environment, an adversary has compromised a high-level system's service account. The organization has implemented multi-factor authentication (MFA) for all service accounts. The adversary aims to:","['Gain initial access', 'Perform privilege escalation', 'Perform lateral movement', 'Bypass MFA and gain access to the service account']",D,D,True
Which planning framework is highly complementary with the Diamond Model of Intrusion Analysis according to the paper?,"['A. Cyber Kill Chain', 'B. NIST Cybersecurity Framework', 'C. Joint Intelligence Preparation of the Battlespace', 'D. MITRE ATT&CK']",C,D,False
An attacker has compromised a system within an organization and has gained persistence by creating a scheduled task that will execute the malicious payload. What MITRE ATT&CK technique is being used in this scenario?,"['Persistence: registry run keys (T1547.002)', 'Persistence: scheduled tasks (T1548)', 'Defense Evasion: Obfuscated Files or Information (T1025)', 'Initial Access: Exploitation of Remote Services (T1110)']",B,B,True
What is the purpose of Appendix E in the document?,"['A. To provide lists of suggested data fields to collect for each incident', 'B. To contain incident response scenarios and questions for use in incident response tabletop discussions', 'C. To identify resources that may be useful in planning and performing incident response', 'D. To contain a change log listing significant changes since the previous revision']",C,C,True
How do malicious applications abuse OAuth access tokens to gain access to target email accounts?,"['By using the user-granted REST API to perform functions such as email searching and contact enumeration', 'By exploiting vulnerabilities in email servers', 'By intercepting network traffic to steal access tokens', 'By using social engineering tactics to obtain credentials']",D,A,False
Which malware is known for recording the victim's screen content on targeted systems?,"['AsyncRAT', 'Bandook', 'NanoCore', 'EvilGrab']",D,B,False
"Which of the following components of the NIST Cybersecurity Framework (CSF) provides actionable guidance on using the CSF and its online resources, including transitioning from previous CSF versions to version 2.0?","['CSF Tiers', 'CSF Core', 'Quick-Start Guides', 'CSF Organizational Profiles']",C,C,True
Which of the following best describes a table-top exercise in incident response?,"['A simulated scenario where team members discuss response actions', 'A real-time simulation of an incident', 'An analysis of past incidents', 'A training session on new tools']",A,A,True
How can access abuse over an API channel be difficult to detect from the service provider end?,"['Access can still align well with a legitimate workflow', 'Access is always flagged by security systems', 'Access is restricted to specific IP addresses', 'Access is encrypted and obfuscated']",A,A,True
What is the purpose of the Sarbanes-Oxley Act (SOX)?,"['To implement the requirements set forth in Title 32 Code of Federal Regulations, Part 236, Sections 236.4 through 236.6', 'To establish information sharing rules between organizations in the financial sector', 'To establish legal and privacy compliance for financial information shared within financial institutions', 'To implement the requirements of the Federal Information Security Modernization Act of 2014 (FISMA)']",C,A,False
What is the purpose of Triton malware in compromising safety systems?,"['To gain unauthorized access to operational networks', 'To cause process disruptions', 'To disable security measures', 'To steal sensitive data']",C,B,False
Which action is recommended for preparing designated contacts for media interactions regarding incidents?,"['Pre-approval', 'Review and Training', 'Immediate Response', 'Regular Updates']",A,B,False
What is the name of a tool used by Peirates to switch between valid service accounts?,"['Peirates uses stolen service account tokens to perform its operations and switch between valid service accounts', 'Stuxnet', 'Emotet', 'Cobalt Strike']",A,A,True
Which of the following is NOT a method used by adversaries to create a valid Kerberos ticket?,"['Pass the ticket', 'Overpass the hash', 'Pass the hash', 'Kerberos ticket creation']",D,D,True
Which of the following is a component of the NIST Cybersecurity Framework (CSF) 2.0?,"['CSF Core', 'CSF Profiles', 'CSF Tiers', 'Online Resources']",A,A,True
Which MITRE ATT&CK technique involves an adversary using encryption to obscure malicious payloads from detection?,"['Obfuscated Files or Information (T1027)', 'Encrypted Channel (T1071)', 'Data Encrypted (T1040)', 'Software Packing (T1045)']",A,C,False
Which of the following is a potential drawback of participating in information sharing communities?,"['Potentially much larger costs of successful attacks can be avoided', 'Sharing communities can help an organization improve its threat intelligence capabilities', 'Sharing communities can provide access to real-time threat information', 'Sharing communities can potentially expose an organization to more attacks']",D,D,True
What technique involves using a compromised account to gain access to systems and perform actions remotely?,"['Remote Desktop Protocol (T1076)', 'Valid Accounts (T1078)', 'Process Injection (T1055)', 'Remote File Copy (T1105)']",B,B,True
What is the preferred protocol for C2 communications for the QakBot malware?,"['a) FTP', 'b) SMTP', 'c) IRC', 'd) HTTP']",C,C,True
Which of the following is a method used by Drinik to communicate with the C2 server using Firebase Cloud Messaging?,"['Sending encrypted messages', 'Sending raw JSON messages', 'Sending compressed messages', 'Sending HTTP requests with custom headers']",B,B,True
Which of the following is an example of an adversary hijacking legitimate application-specific startup scripts to enable malware to execute on system startup?,"['APT28', 'APT29', 'APT32', 'APT33']",B,A,False
What is Bad Rabbit ransomware and how does it spread?,"[""Bad Rabbit is a drive-by compromise where a user's web browser is targeted and exploited due to visiting a compromised website."", 'Bad Rabbit is a technique used by adversaries to inject malicious scripts into a legitimate website.', 'Bad Rabbit is a ransomware that spreads through drive-by attacks where insecure websites are compromised.', 'Bad Rabbit is a method to contain web-based malware using built-in browser sandboxes and application isolation.']",C,C,True
BOULDSPY can encrypt its data before exfiltration using which of the following encryption methods?,"['A) RC4', 'B) zlib', 'C) XOR', 'D) AES in CBC mode']",A,B,False
Which MITRE ATT&CK technique involves using legitimate remote access tools to maintain persistence?,"['Remote Desktop Protocol (T1076)', 'Remote File Copy (T1105)', 'Credential Dumping (T1003)', 'Remote Code Execution (T1203)']",A,D,False
A threat actor has compromised a system within a government agency and is exfiltrating sensitive data to an external server. Which MITRE ATT&CK technique is being used in this scenario?,"['Defense Evasion: Data Compression (T1027)', 'Lateral Movement: Remote Desktop Protocol (T1021)', 'Exfiltration: Exfiltration over Command and Control (C2) (T1041.001)', 'Initial Access: Phishing (T1566)']",C,C,True
An attacker is using ShiftyBug to auto-root an Android device and maintain persistence. They are most likely to:,"['a) Modify the bootloader.', 'b) Install malware on the system partition.', 'c) Create a malicious system app.', ""d) Encrypt the device's files.""]",B,C,False
What should be done to prevent the recurrence of similar incidents?,"['Implementing lessons learned from the incident', 'Upgrading to new software', 'Changing passwords frequently', 'Improving physical security']",A,A,True
What is the name of an Android API that grants access to the device microphone?,"['A) RECORD_AUDIO', 'B) CAPTURE_AUDIO_OUTPUT', 'C) MICROPHONE_PERMISSION', 'D) ACCESS_MICROPHONE']",A,A,True
"In MITRE ATT&CK, which technique involves using scheduled tasks to ensure a malicious payload is executed periodically?","['Scheduled Task (T1053)', 'Registry Run Keys (T1060)', 'Remote File Copy (T1105)', 'Web Shell (T1505)']",A,A,True
Which MITRE ATT&CK technique is used to establish persistence through scheduled tasks or cron jobs?,"['Scheduled Task (T1053)', 'Registry Run Keys (T1060)', 'File and Directory Discovery (T1083)', 'Remote File Copy (T1105)']",A,A,True
Which malware uses Google Cloud Messaging (GCM) for command and control?,"['Trojan-SMS.AndroidOS.FakeInst.a', 'Trojan-SMS.AndroidOS.OpFake.a', 'Trojan-SMS.AndroidOS.Agent.ao', 'TrickMo']",A,B,False
Which MITRE ATT&CK technique is best associated with weakening encryption key strength?,"['T1078: Valid Accounts', 'T1110: Exploit Public-Facing Application', 'T1600: Data Encrypted', 'T1600.001: Decrypt Existing Encrypted Files/Volume']",D,D,True
Disabling dedicated hardware encryption on network devices,"['Prevents data exfiltration', 'Enables data exfiltration', 'Increases encryption key space', 'Decreases encryption key space']",B,D,False
6. Which of the following should be used for all remote or local management sessions on field controllers to help ensure the security of the system?,"['A) Account Use Policies', 'B) Password Policies', 'C) User Account Management', 'D) All of the above']",D,D,True
Which of the following is not a common password storage location?,"['A. Keychain (iOS)', 'B. Windows Credential Manager', 'C. Secure Notes (Android)', 'D. Password Manager (Apple)']",D,D,True
"According to the provided scenario, how can segments be used to restrict access to critical system functions?","['By restricting access to specific segments', 'By isolating critical systems', 'By implementing traffic shaping', 'By implementing access controls']",A,D,False
Which MITRE ATT&CK technique does an adversary use when using forums for command and control?,"['T1098', 'T1086', 'T1105', 'T1102']",D,B,False
21. Which of the following is an example of a network protocol that should be monitored for unusual activity in an ICS environment?,"['A. HTTP', 'B. SMTP', 'C. Modbus', 'D. FTP']",C,C,True
"Which MITRE ATT&CK technique is used to maintain persistence on a compromised system by creating or modifying a scheduled task, service, or startup script?","['T1086: PowerShell', 'T1078: Valid Accounts', 'T1087: Lateral Movement', 'T1550: Persistence - Windows Service']",D,D,True
What MITRE ATT&CK technique is associated with the creation and use of attack graphs?,"['A. H0007 - Modeling', 'B. T1078 - Valid Accounts', 'C. T1137 - Remote Services', 'D. T1087 - Network Service Discovery']",A,A,True
Which of the following is a technique that an attacker may use to gain initial access to a target system?,"['Data Encryption', 'Network Scanning', 'Privilege Escalation', 'Initial Access']",D,D,True
An organization is sharing IOCs related to a new threat with its peers as part of a formal threat information sharing organization. Which of the following is a recommended practice for protecting sensitive data in the exchanges?,"['Use unencrypted network communications to share the data.', 'Use a standard data format for the exchange of indicators.', 'Use encrypted network communications to share the data.', 'Share the data via email or instant messaging services.']",C,C,True
Which malware is known for taking photos from the computer's web camera?,"['Machete', 'NanoCore', 'PoetRAT', 'Pupy']",A,A,True
Which MITRE ATT&CK technique involves using a legitimate service to maintain persistence and avoid detection?,"['Remote File Copy (T1105)', 'Process Injection (T1055)', 'Valid Accounts (T1078)', 'Scheduled Task (T1053)']",A,C,False
Which MITRE ATT&CK technique involves using a remote desktop service to interact with and control a compromised system?,"['Remote Desktop Protocol (T1076)', 'Remote File Copy (T1105)', 'Valid Accounts (T1078)', 'Process Injection (T1055)']",A,A,True
Scenario 7: Which of the following best describes a common approach for improving an organization's incident response capability?,"['Conducting regular tabletop exercises', 'Implementing advanced threat detection technologies', 'Enhancing employee training and awareness programs', 'All of the above']",D,D,True
3. Which of the following techniques does Stuxnet use to infect PLCs with different code depending on the characteristics of the target system?,"['A) Data Block', 'B) Online edit', 'C) Program append', 'D) Program Download']",A,C,False
An adversary gains Defense Evasion by using default credentials to authenticate to a system. Which MITRE ATT&CK technique is associated with this action?,"['T1055: Defense Evasion', 'T1087: Keyboard Input Capture', 'T1078: Valid Accounts: Account Manipulation', 'T1077: Credential Dumping']",A,C,False
12. Which of the following is a technique used by Stuxnet to infect PLCs with different code depending on the characteristics of the target system?,"['A) Data Block', 'B) Function', 'C) Function Block', 'D) Program append']",A,D,False
Which of the following is a benefit of using TAXII bindings?,"['It allows a party to make use of the services and messages of TAXII with a constrained set of protocols or formats', 'It provides a standardized way for platforms to interact with TAXII', 'It limits the exchange of threat intelligence data to specific parties', 'It enforces access controls on TAXII services']",A,A,True
Scenario 6: Which of the following is a potential outcome of the US-CERT's actions in this scenario?,"['The targeted companies are able to prevent further attacks', 'The foreign actor is identified and prosecuted', 'The targeted companies are not affected by the attacks', 'The US-CERT is able to neutralize the threat by shutting down the servers used by the foreign actor']",A,D,False
Which of the following is not part of an organization’s support plan for information sharing activities?,"['Identify the personnel, funding, infrastructure, and processes needed for ongoing operational support', 'Acquire and deploy a monitoring and threat detection infrastructure', 'Provide funding for the personnel, infrastructure, and training required for ongoing operational support', 'Engage in ongoing communication']",B,B,True
Which of the following describes a preventive control that may be ineffective against the weakening of encryption key strength?,"['Application Whitelisting', 'Intrusion Detection Systems', 'Multi-Factor Authentication', 'Network Segmentation']",D,B,False
Which incident response team member is responsible for the quality of the team’s technical work?,"['Team Manager', 'Deputy', 'Technical Lead', 'Incident Lead']",C,C,True
An adversary may use a network logon script to maintain persistence on a network. Which of the following is the best way to mitigate this?,"['Prevent users from creating logon scripts', 'Monitor for changes made in Active Directory', 'Restrict write access to logon scripts to specific administrators', 'Set up two-factor authentication for all users']",C,D,False
